state,display,action,prohibited,owner
home-save-failed,资料尚未保存且输入保留,当前会话重试原目标,清空输入或承诺重启可恢复,S03
preparing,正在准备选入资料,按原busy和uploadsPending禁用,提前发送,S03
needs-input,需确认选入资料和排除原因,重试或显式接受排除或采用调整,静默排除,S03
ready,资料已固定待发送,恢复目的或原发送入口,自动发送,S03
source-changed,来源已变化请重新读取并确认,重读重选再固定,自动扩大范围或旧范围重试,S05
running,正在制作,现有停止入口,用Logo表示成功,S04
unknown,提交结果待确认,现有查询与恢复入口,创建第二个run,S05
rejected,请求明确未被接受,按现有门控显式重试,表现成已成功或未知,S05
conflict,记录或版本已变化,重新读取并确认,覆盖另一窗口记录,S05
continuation-pending,接续尚未完成,恢复原目标,新建重复项目,S05
continuation-draft-ready,接续草稿已保存,打开原草稿,重开自动发送,S05
current,当前正式稿,现有修订及指定版本导出,隐藏版本身份,S04
history,历史版本只读,指定版本导出或现有接续,冒充当前稿,S04
candidate,未采用候选,比较和显式采用,默认覆盖正式稿,S04
export-incomplete,此版本缺少导出所需资产,显示原因及现有处理入口,退回当前版本导出,S05
initial-empty-unsent,还没有正式成果；写下这次要完成的内容，发送后开始制作。,填写制作要求：只聚焦当前项目输入器,自动发送/创建项目/覆盖草稿；运行中未知失败或仅未选中文件不得套用,S04
first-result-running,正在制作首份成果；完成后将在这里显示。进度可在协作区查看。,现有协作区停止入口,骨架/虚构百分比/重复停止重试按钮/自动跳焦点/覆盖既有正式成果,S04
upload-error,显示实际上传错误和失败附件状态,保留现有附件操作,改成上传成功或丢失错误原因,S03
material-partial,部分可读取；显示来源位置及读取限制,现有预览与段落选择,将部分读取描述为完整读取,S05
material-unreadable,无法读取（保留原件，不作为依据）；列出排除原因,显式接受排除后按既有门控冻结,静默排除或把不可读文件用作依据,S05
material-budget-exceeded,所选内容超过本次任务的字数预算；请减少勾选。,减少勾选后重新冻结,静默截断,S05
material-frozen,已加入任务快照；显示数量字数时间及仅随本次发送说明,现有不再使用这份快照操作,声称后续每次发送都会自动携带,S05
run-error,保留现有错误分类对应的标题与说明,仅显示分类器规定的恢复动作,给所有错误添加统一重试或把未知映射为失败,S04
export-cancelled,取消后清除导出进度提示，不显示成功或错误toast,返回原阅读状态,生成文件/切换版本/新增取消提示,S04
candidate-base-unavailable,显示现有基准不存在或读取失败原因,保留当前阅读内容及既有比较入口,展示伪造基准或自动采用候选,S04
candidate-adopt-failed,显示实际候选采用失败原因，未成功不宣称已采用,沿现有恢复/版本操作入口,隐藏错误或伪称当前稿已更新,S04
version-operation-failed,显示实际版本操作错误；有versionWarning时显示其信息,按现有版本列表刷新和操作门控,把警告显示成无条件成功,S04
revision-cancel-failed,取消请求失败；请检查运行状态后重试。,保留运行记录及现有状态查询/取消入口,将失败取消视为已停止或放开第二次生成,S04
candidate-save-failed,显示实际保存失败，已完成运行仍可恢复,沿原operationId重试保存候选,重新发起制作或删除恢复记录,S04
