record_id,period,date_start,date_end,channel,spend_cny,impressions,clicks,qualified_leads,sales_cny,notes
A01,A,2026-09-01,2026-09-14,搜索,10000,100000,4000,200,30000,线上
A02,A,2026-09-01,2026-09-14,"公众号,自有",5000,50000,2500,125,15000,"自有内容
不含平台返点"
A03,A,2026-09-01,2026-09-14,线下门店,8000,,,160,24000,线下无可比曝光点击口径
A04,A,2026-09-01,2026-09-14,展示广告,7000,200000,2000,80,14000,线上
B01,B,2026-09-15,2026-09-28,搜索,12000,120000,4800,192,28800,线上
B02,B,2026-09-15,2026-09-28,"公众号,自有",4000,45000,2250,135,16200,"自有内容
不含平台返点"
B03,B,2026-09-15,2026-09-28,线下门店,8000,,,176,26400,线下无可比曝光点击口径
B04,B,2026-09-15,2026-09-28,展示广告,6000,180000,0,0,0,真实零点击、零线索，非缺失
